O-DAG,0.000000000000000,1.000000000000000,0.000000000000000,
O-DAG,0.363636363636363,0.437816164018059,0.416666666666666,
O-DAG,0.170909090909090,0.426438969064858,0.479166666666666,
O-DAG,2.449090909090900,0.170953538686217,2.395833333333330,
O-DAG,0.000000000000000,1.000000000000000,0.000000000000000,
O-DAG,0.779999999999999,0.280260252889751,0.604166666666666,
O-DAG,0.198181818181818,0.492962394087596,0.395833333333333,
O-DAG,0.363636363636363,0.437816164018059,0.416666666666666,
O-DAG,0.000000000000000,1.000000000000000,0.000000000000000,
O-DAG,1.832727272727270,0.215027036415344,2.125000000000000,
O-DAG,0.321818181818181,0.406984010178077,0.458333333333333,
O-DAG,2.667272727272720,0.170953538686217,2.354166666666660,
O-DAG,2.592727272727270,0.189569968066174,2.354166666666660,
O-DAG,0.752727272727272,0.290999287511585,0.604166666666666,
O-DAG,0.000000000000000,1.000000000000000,0.000000000000000,
O-DAG,3.612727272727270,0.098207343819611,2.500000000000000,
O-DAG,2.705454545454540,0.125832830061742,2.479166666666660,
O-DAG,3.696363636363630,0.099232559799200,2.479166666666660,
O-DAG,5.249090909090900,0.029846163529297,2.520833333333330,
O-DAG,4.734545454545450,0.013196789228283,2.541666666666660,
O-DAG,2.932727272727270,0.136376060251392,2.458333333333330,
O-DAG,0.000000000000000,1.000000000000000,0.000000000000000,
O-DAG,0.252727272727272,0.662825801764563,0.208333333333333,
O-DAG,0.356363636363636,0.426012611668677,0.437500000000000,
O-DAG,0.214545454545454,0.410016575470415,0.520833333333333,
O-DAG,0.720000000000000,0.234654957574532,0.729166666666666,
O-DAG,0.519999999999999,0.269868583703917,0.833333333333333,
O-DAG,1.629090909090900,0.219796820810081,1.625000000000000,
O-DAG,0.816363636363636,0.378369564236708,0.479166666666666,
O-DAG,0.580000000000000,0.233424329300340,0.916666666666666,
O-DAG,0.387272727272727,0.321742210994982,0.645833333333333,
O-DAG,0.609090909090909,0.232160622775394,0.854166666666666,
O-DAG,0.252727272727272,0.610041437874904,0.270833333333333,
O-DAG,0.623636363636363,0.303674028031030,0.562500000000000,
O-DAG,0.569090909090908,0.233438853483483,0.895833333333333,
O-DAG,0.309090909090908,0.327217727754093,0.687500000000000,
O-DAG,0.279999999999999,0.402040415114203,0.479166666666666,
O-DAG,0.558181818181818,0.234831329571839,0.812500000000000,
O-DAG,0.334545454545454,0.507093180509048,0.354166666666666,
O-DAG,0.645454545454545,0.276828726729865,0.645833333333333,
O-DAG,0.554545454545454,0.239177259110206,0.854166666666666,
O-DAG,0.220000000000000,0.460316534030270,0.437500000000000,
O-DAG,0.221818181818181,0.467899335703862,0.395833333333333,
O-DAG,0.379999999999999,0.507106090894064,0.333333333333333,
O-DAG,0.580000000000000,0.309814708575025,0.583333333333333,
O-DAG,0.643636363636363,0.267968807868891,0.708333333333333,
O-DAG,0.472727272727273,0.271759793729026,0.750000000000000,
O-DAG,0.334545454545454,0.507093180509048,0.354166666666666,
O-DAG,0.330909090909091,0.285116670578801,0.666666666666666,
O-DAG,0.636363636363636,0.281272476641704,0.625000000000000,
O-DAG,0.510909090909090,0.256751548379073,0.854166666666666,
O-DAG,0.358181818181818,0.363572447484867,0.583333333333333,
O-DAG,0.000000000000000,1.000000000000000,0.000000000000000,
O-DAG,0.840000000000000,0.303656852608106,0.583333333333333,
O-DAG,0.216363636363636,0.507106090894064,0.354166666666666,
O-DAG,0.210909090909090,0.461604600837943,0.437500000000000,
O-DAG,0.554545454545454,0.254525097152750,0.833333333333333,
O-DAG,0.659999999999999,0.266522866648585,0.708333333333333,
O-DAG,0.592727272727273,0.313185931709755,0.541666666666666,
O-DAG,0.252727272727272,0.662825801764563,0.208333333333333,
O-DAG,0.467272727272727,0.332899612406841,0.625000000000000,
O-DAG,0.170909090909090,0.501613463263955,0.395833333333333,
O-DAG,0.150909090909090,0.610055039887689,0.250000000000000,
O-DAG,0.503636363636363,0.317749211038014,0.583333333333333,
O-DAG,0.379999999999999,0.507106090894064,0.333333333333333,
O-DAG,0.469090909090908,0.281895595221814,0.750000000000000,
O-DAG,0.096363636363636,0.544912241064203,0.395833333333333,
O-DAG,0.583636363636363,0.282118859581842,0.687500000000000,
O-DAG,0.376363636363636,0.285103068566016,0.687500000000000,
O-DAG,0.150909090909090,0.570848284697486,0.291666666666666,
O-DAG,0.589090909090908,0.234402207970010,0.750000000000000,
O-DAG,7.014545454545450,0.004243391110799,2.520833333333330,
O-DAG,2.518181818181810,0.167138069203068,2.416666666666660,
O-DAG,3.349090909090900,0.035508461283635,2.520833333333330,
O-DAG,4.579999999999990,0.032602077714139,2.541666666666660,
O-DAG,5.960000000000000,0.012466833754022,2.541666666666660,
O-DAG,3.392727272727270,0.113697961498735,2.500000000000000,
O-DAG,4.783636363636360,0.013106070719283,2.541666666666660,
O-DAG,4.783636363636360,0.013106070719283,2.541666666666660,
O-DAG,4.783636363636360,0.013106070719283,2.541666666666660,
O-DAG,4.321818181818180,0.073985448891787,2.500000000000000,
O-DAG,4.767272727272720,0.056295150591843,2.500000000000000,
O-DAG,2.681818181818180,0.133590452181013,2.520833333333330,
O-DAG,5.830909090909090,0.012485507703778,2.541666666666660,
O-DAG,2.327272727272720,0.191723823736463,2.458333333333330,
O-DAG,2.390909090909090,0.193397229802779,2.395833333333330,
O-DAG,0.045454545454545,0.868333991711097,0.083333333333333,
O-DAG,0.000000000000000,1.000000000000000,0.000000000000000,
O-DAG,0.130909090909091,0.464419737955909,0.416666666666666,
O-DAG,0.765454545454545,0.271338139401673,0.687500000000000,
O-DAG,0.399999999999999,0.346815181557355,0.500000000000000,
O-DAG,0.278181818181818,0.558398979096550,0.312500000000000,
O-DAG,0.045454545454545,0.578669786710192,0.291666666666666,
O-DAG,0.385454545454545,0.431733262057864,0.416666666666666,
O-DAG,0.045454545454545,0.616239326409791,0.250000000000000,
O-DAG,0.258181818181818,0.453671409009577,0.437500000000000,
O-DAG,0.090909090909091,0.771234312817386,0.145833333333333,
O-DAG,0.090909090909091,0.846615850399908,0.083333333333333,
O-DAG,0.561818181818181,0.343615106324853,0.500000000000000,
O-DAG,0.045454545454545,0.792967208854308,0.125000000000000,
O-DAG,0.196363636363636,0.558413042194514,0.291666666666666,
O-DAG,0.090909090909091,0.771234312817386,0.145833333333333,
O-DAG,0.045454545454545,0.662838712149579,0.208333333333333,
O-DAG,0.416363636363636,0.386008334734772,0.458333333333333,
O-DAG,0.218181818181818,0.495776529498010,0.375000000000000,
O-DAG,0.000000000000000,1.000000000000000,0.000000000000000,
O-DAG,0.278181818181818,0.450339713554544,0.416666666666666,
O-DAG,0.947272727272727,0.266665986335484,0.687500000000000,
O-DAG,0.090909090909091,0.846615850399908,0.083333333333333,
O-DAG,0.089090909090909,0.578656876325175,0.312500000000000,
O-DAG,0.000000000000000,0.794518322451267,0.125000000000000,
O-DAG,0.136363636363636,0.510349286812522,0.375000000000000,
O-DAG,0.674545454545454,0.298772498920763,0.604166666666666,
O-DAG,0.096363636363636,0.578334400267147,0.333333333333333,
O-DAG,0.258181818181818,0.484531227960308,0.375000000000000,
O-DAG,0.258181818181818,0.427244042231082,0.458333333333333,
O-DAG,0.272727272727272,0.379354151695735,0.500000000000000,
O-DAG,0.105454545454545,0.511361675402426,0.333333333333333,
O-DAG,0.045454545454545,0.868333991711097,0.083333333333333,
O-DAG,0.541818181818181,0.341265464665788,0.562500000000000,
O-DAG,0.090909090909091,0.771234312817386,0.145833333333333,
O-DAG,0.361818181818181,0.439501458013006,0.416666666666666,
O-DAG,0.045454545454545,0.868333991711097,0.083333333333333,
O-DAG,0.090909090909091,0.771234312817386,0.145833333333333,
O-DAG,0.416363636363636,0.386008334734772,0.458333333333333,
O-DAG,0.423636363636363,0.475219180499778,0.375000000000000,
O-DAG,0.067272727272727,0.616225263311826,0.270833333333333,
O-DAG,0.438181818181818,0.336972306326176,0.604166666666666,
O-DAG,0.090909090909091,0.771234312817386,0.145833333333333,
O-DAG,0.476363636363636,0.343601389040773,0.541666666666666,
O-DAG,0.000000000000000,0.675542386916730,0.208333333333333,
O-DAG,0.381818181818181,0.477070997712605,0.375000000000000,
O-DAG,0.136363636363636,0.611517697751165,0.270833333333333,
O-DAG,0.045454545454545,0.716060993993573,0.187500000000000,
O-DAG,0.229090909090909,0.459842856614865,0.458333333333333,
O-DAG,0.432727272727272,0.343615106324853,0.520833333333333,
O-DAG,0.090909090909091,0.611997343914214,0.250000000000000,
O-DAG,0.519999999999999,0.343597930901929,0.541666666666666,
O-DAG,0.172727272727272,0.564918312011377,0.312500000000000,
O-DAG,0.045454545454545,0.716060993993573,0.187500000000000,
O-DAG,0.274545454545454,0.462980627712533,0.416666666666666,
O-DAG,0.598181818181818,0.271308170017740,0.729166666666666,
O-DAG,5.534545454545450,0.026548616042633,2.520833333333330,
O-DAG,2.701818181818180,0.140338755384960,2.375000000000000,
O-DAG,3.489090909090900,0.105193228078399,2.479166666666660,
O-DAG,2.605454545454540,0.144389112032790,2.437500000000000,
O-DAG,4.038181818181810,0.076730422678040,2.500000000000000,
O-DAG,3.836363636363630,0.082915350108541,2.458333333333330,
O-DAG,0.249090909090908,0.367149052943664,0.604166666666666,
O-DAG,0.000000000000000,0.923108539864998,0.041666666666667,
O-DAG,2.085454545454540,0.193405110901204,2.208333333333330,
O-DAG,2.194545454545450,0.195382821658637,2.083333333333330,
O-DAG,0.000000000000000,1.000000000000000,0.000000000000000,
O-DAG,1.200000000000000,0.229303108471324,1.645833333333330,
O-DAG,1.200000000000000,0.229329851411716,1.604166666666660,
O-DAG,0.090909090909091,0.846615850399908,0.083333333333333,
O-DAG,0.481818181818181,0.417965938708728,0.437500000000000,
O-DAG,0.209090909090909,0.413558613373330,0.562500000000000,
O-DAG,0.090909090909091,0.846615850399908,0.083333333333333,
O-DAG,0.000000000000000,0.923108539864998,0.041666666666667,
O-DAG,0.090909090909091,0.846615850399908,0.083333333333333,
O-DAG,0.934545454545454,0.266459251879129,0.708333333333333,
O-DAG,0.000000000000000,0.881019062843981,0.083333333333333,
O-DAG,0.427272727272727,0.340259833279184,0.604166666666666,
O-DAG,0.090909090909091,0.846615850399908,0.083333333333333,
O-DAG,0.394545454545454,0.344579054458548,0.604166666666666,
O-DAG,0.090909090909091,0.771261977928136,0.125000000000000,
O-DAG,0.000000000000000,0.923108539864998,0.041666666666667,
O-DAG,0.000000000000000,1.000000000000000,0.000000000000000,
O-DAG,0.090909090909091,0.771261977928136,0.125000000000000,
O-DAG,0.532727272727272,0.303908971678646,0.645833333333333,
O-DAG,0.000000000000000,0.716075748719306,0.166666666666666,
O-DAG,0.307272727272727,0.363606662310587,0.562500000000000,
O-DAG,0.565454545454545,0.303801886951211,0.625000000000000,
P2P-DAG,0.525867136978248,0.044066682124620,1.000000000000000,
P2P-DAG,0.552910052910053,0.004056377584279,1.000000000000000,
P2P-DAG,1.012639623750730,0.168249531401609,0.975855130784708,
P2P-DAG,0.641534391534391,0.102445089758131,0.993963782696177,
P2P-DAG,0.581202233980011,0.111542531452198,0.993963782696177,
P2P-DAG,0.571134626690182,0.127452155191482,0.993963782696177,
P2P-DAG,0.565770135214579,0.140451680876296,0.991951710261569,
P2P-DAG,0.556584362139917,0.003379866349395,1.000000000000000,
P2P-DAG,0.543577307466196,0.116260472995218,0.995975855130784,
P2P-DAG,0.522780717225161,0.094400102081957,1.000000000000000,
P2P-DAG,0.601410934744268,0.102612816854056,0.993963782696177,
P2P-DAG,0.556216931216931,0.132419732942018,0.993963782696177,
P2P-DAG,0.701499118165784,0.178025851987903,0.973843058350100,
P2P-DAG,0.628233392122281,0.062918001551033,0.995975855130784,
P2P-DAG,0.545634920634920,0.073843432232499,0.997987927565392,
P2P-DAG,0.556657848324515,0.075610600472336,0.995975855130784,
P2P-DAG,0.628233392122281,0.062918001551033,0.995975855130784,
P2P-DAG,0.552248677248677,0.081470445077588,0.995975855130784,
P2P-DAG,0.585097001763668,0.127298553276945,0.991951710261569,
P2P-DAG,0.556657848324515,0.075610600472336,0.995975855130784,
P2P-DAG,0.566578483245150,0.144893410129248,0.989939637826961,
P2P-DAG,0.557760141093474,0.210877978350683,0.991951710261569,
P2P-DAG,0.565696649029982,0.144893410129248,0.991951710261569,
P2P-DAG,0.602586713697824,0.136552208596966,0.989939637826961,
P2P-DAG,0.626690182245737,0.135954550193954,0.989939637826961,
P2P-DAG,0.525720164609053,0.094316486901297,0.997987927565392,
P2P-DAG,0.525720164609053,0.094316486901297,0.997987927565392,
P2P-DAG,0.278953556731334,0.485226248137507,0.470824949698189,
P2P-DAG,0.520429159318048,0.228508734517935,0.971830985915493,
P2P-DAG,0.120590828924162,0.635800538964125,0.392354124748490,
P2P-DAG,0.306437389770723,0.408239339733390,0.682092555331992,
P2P-DAG,0.043797766019988,0.862130857622765,0.193158953722334,
P2P-DAG,0.170634920634920,0.741924443175650,0.213279678068410,
P2P-DAG,0.000000000000000,1.000000000000000,0.000000000000000,
P2P-DAG,0.353762492651381,0.393052711888428,0.571428571428571,
P2P-DAG,0.639035861258083,0.218541205817988,0.969818913480885,
P2P-DAG,0.109126984126984,0.772582479403062,0.193158953722334,
P2P-DAG,0.032039976484421,0.960718612501124,0.028169014084507,
P2P-DAG,0.372427983539094,0.365954667909119,0.871227364185110,
P2P-DAG,0.192019400352733,0.627911427259354,0.325955734406438,
P2P-DAG,0.428865373309817,0.303878665069940,0.732394366197183,
P2P-DAG,0.897486772486772,0.253059543611984,0.865191146881287,
P2P-DAG,0.049162257495591,0.888467237367376,0.088531187122736,
P2P-DAG,0.177983539094650,0.530023041966283,0.422535211267605,
P2P-DAG,0.665049970605526,0.373416949009391,0.690140845070422,
P2P-DAG,0.071208112874780,0.761425435768156,0.279678068410462,
P2P-DAG,0.522707231040564,0.218996030776414,0.969818913480885,
P2P-DAG,0.099941211052322,0.847151394938780,0.116700201207243,
P2P-DAG,0.250000000000000,0.580695228336116,0.362173038229376,
P2P-DAG,0.330467372134038,0.382322040093419,0.830985915492957,
P2P-DAG,0.046516754850088,0.850668108989063,0.205231388329979,
P2P-DAG,0.084509112286890,0.847459258182533,0.124748490945674,
P2P-DAG,0.022045855379189,0.969169346697035,0.028169014084507,
P2P-DAG,0.061287477954145,0.796330208157096,0.249496981891348,
P2P-DAG,0.630291005291005,0.296215817778155,0.788732394366197,
P2P-DAG,0.119782480893592,0.696584308292258,0.277665995975855,
P2P-DAG,0.029247501469724,0.941890715473273,0.044265593561368,
P2P-DAG,0.336493239271017,0.413425134904978,0.571428571428571,
P2P-DAG,0.336860670194003,0.413411863675109,0.619718309859154,
P2P-DAG,0.155790711346266,0.632891266536502,0.329979879275653,
P2P-DAG,0.111772486772486,0.728872317419114,0.225352112676056,
P2P-DAG,0.786228689006466,0.319267485567529,0.724346076458752,
P2P-DAG,0.217739564961787,0.579741788611291,0.366197183098591,
P2P-DAG,0.384332745443856,0.341131076051908,0.700201207243460,
P2P-DAG,0.023883009994121,0.947535520386868,0.052313883299799,
P2P-DAG,0.552028218694885,0.219189511248812,0.963782696177062,
P2P-DAG,0.042034097589653,0.919306352819107,0.072434607645875,
P2P-DAG,0.139035861258083,0.721422454208514,0.229376257545271,
P2P-DAG,0.121987066431510,0.657508096570640,0.380281690140845,
P2P-DAG,0.203409758965314,0.519466059169268,0.498993963782696,
P2P-DAG,0.630291005291005,0.296215817778155,0.788732394366197,
P2P-DAG,0.029027042915932,0.944650198881253,0.044265593561368,
P2P-DAG,0.083406819517931,0.818127146475528,0.144869215291750,
P2P-DAG,0.211787184009406,0.568567486692243,0.390342052313883,
P2P-DAG,0.745811287477954,0.255623394415849,0.899396378269617,
P2P-DAG,0.239344503233392,0.470822115591849,0.557344064386317,
P2P-DAG,0.293944738389182,0.466154483490015,0.486921529175050,
P2P-DAG,0.225014697236919,0.555551801000580,0.390342052313883,
P2P-DAG,0.067092886537331,0.877673187181588,0.100603621730382,
P2P-DAG,0.152704291593180,0.705230121368710,0.261569416498993,
P2P-DAG,0.452160493827160,0.292520631528155,0.804828973843058,
P2P-DAG,0.341490299823633,0.424294987892006,0.559356136820925,
P2P-DAG,0.122501469723691,0.746403748672850,0.217303822937625,
P2P-DAG,0.024397413286302,0.913543380496010,0.090543259557344,
P2P-DAG,0.170708406819517,0.593116536532046,0.354124748490945,
P2P-DAG,0.065623162845385,0.845898771954041,0.154929577464788,
P2P-DAG,0.027998236331570,0.947995785108853,0.044265593561368,
P2P-DAG,0.141901822457378,0.717111784845833,0.237424547283702,
P2P-DAG,0.088624338624339,0.841668574956010,0.124748490945674,
P2P-DAG,0.520429159318048,0.228508734517935,0.971830985915493,
P2P-DAG,0.238389182833627,0.604447999900744,0.338028169014084,
P2P-DAG,0.111111111111111,0.811663859188742,0.164989939637826,
P2P-DAG,0.213403880070546,0.500754333510562,0.507042253521126,
P2P-DAG,0.033583186360964,0.919883748620786,0.076458752515091,
P2P-DAG,0.413065843621399,0.392826274538711,0.631790744466800,
P2P-DAG,0.194297472075249,0.545149610093975,0.398390342052313,
P2P-DAG,0.237948265726043,0.506036646192686,0.492957746478873,
P2P-DAG,0.416005291005291,0.338393745390737,0.692152917505030,
P2P-DAG,0.024544385655497,0.940042835773227,0.052313883299799,
P2P-DAG,0.238168724279835,0.477686223078937,0.474849094567404,
P2P-DAG,0.575102880658436,0.115717223571256,0.993963782696177,
P2P-DAG,0.538286302175191,0.123742353342500,0.995975855130784,
P2P-DAG,0.543136390358612,0.123700859734901,0.995975855130784,
P2P-DAG,0.536890064667842,0.043438894964356,1.000000000000000,
P2P-DAG,0.550191064079953,0.007519765785556,1.000000000000000,
P2P-DAG,0.588991769547325,0.145102906403987,0.987927565392354,
P2P-DAG,0.520796590241034,0.148408186418716,0.993963782696177,
P2P-DAG,0.618533215755438,0.145349636717455,0.985915492957746,
P2P-DAG,0.553057025279247,0.043277096962785,0.997987927565392,
P2P-DAG,0.567460317460317,0.074498429757790,0.995975855130784,
P2P-DAG,1.085390946502050,0.242941369563505,0.919517102615694,
P2P-DAG,0.577380952380952,0.179329035667938,0.971830985915493,
P2P-DAG,0.580981775426220,0.139532831554091,0.991951710261569,
P2P-DAG,0.519767783656672,0.105613644200897,0.997987927565392,
P2P-DAG,0.563051146384479,0.172432650688124,0.989939637826961,
P2P-DAG,0.546737213403879,0.105087904383113,0.995975855130784,
P2P-DAG,0.710243974132862,0.143448908340648,0.985915492957746,
P2P-DAG,0.652924750146972,0.115581925100903,0.989939637826961,
P2P-DAG,0.637639623750734,0.125715288713551,0.991951710261569,
P2P-DAG,0.558495002939447,0.174768679629559,0.991951710261569,
P2P-DAG,0.548353909465020,0.064901829830404,0.997987927565392,
P2P-DAG,0.570693709582598,0.012577648162150,0.997987927565392,
P2P-DAG,0.535199882422104,0.082192894108747,0.997987927565392,
P2P-DAG,0.558495002939447,0.000325261792760,1.000000000000000,
P2P-DAG,0.705246913580247,0.089879319618754,0.993963782696177,
P2P-DAG,0.632569077013521,0.170964178686851,0.977867203219315,
P2P-DAG,0.632569077013521,0.170964178686851,0.977867203219315,
P2P-DAG,0.632569077013521,0.170964178686851,0.977867203219315,
P2P-DAG,0.637860082304527,0.115725155022981,0.987927565392354,
P2P-DAG,0.597957084068195,0.127043699827757,0.991951710261569,
P2P-DAG,0.560699588477366,0.013036368408343,0.997987927565392,
P2P-DAG,0.544679600235155,0.010509359580833,1.000000000000000,
P2P-DAG,0.657333921222810,0.158537311179583,0.977867203219315,
P2P-DAG,0.000000000000000,1.000000000000000,0.000000000000000,
P2P-DAG,0.169459141681363,0.744981433253872,0.205231388329979,
P2P-DAG,0.040711346266902,0.944867951560315,0.040241448692153,
P2P-DAG,0.107804232804232,0.677706707577249,0.293762575452716,
P2P-DAG,0.060405643738977,0.805174259979242,0.169014084507042,
P2P-DAG,0.381172839506172,0.399297083146830,0.559356136820925,
P2P-DAG,0.125514403292181,0.593302122707626,0.370221327967806,
P2P-DAG,0.180041152263374,0.632803047000312,0.313883299798792,
P2P-DAG,0.659391534391534,0.185925718305950,0.949698189134808,
P2P-DAG,0.075911228689007,0.754915104936065,0.283702213279678,
P2P-DAG,0.107510288065843,0.777171359133913,0.193158953722334,
P2P-DAG,0.014476778365667,0.930995845075785,0.060362173038229,
P2P-DAG,0.551587301587301,0.376069313056603,0.676056338028169,
P2P-DAG,0.201352145796590,0.466868428734459,0.579476861167002,
P2P-DAG,0.349279835390946,0.367978652151539,0.837022132796780,
P2P-DAG,0.262933568489124,0.580467621116289,0.358148893360161,
P2P-DAG,0.092666078777190,0.839417154664446,0.128772635814889,
P2P-DAG,0.994488536155202,0.358626940754654,0.678068410462776,
P2P-DAG,0.888374485596707,0.290069762069637,0.778672032193159,
P2P-DAG,0.069811875367431,0.811735900378367,0.164989939637826,
P2P-DAG,0.237948265726043,0.622650294639839,0.325955734406438,
P2P-DAG,0.174015285126396,0.592919491973568,0.370221327967806,
P2P-DAG,0.026014109347443,0.937693274634557,0.052313883299799,
P2P-DAG,0.611405055849500,0.223335537101087,0.957746478873239,
P2P-DAG,0.196208112874779,0.661775072510744,0.289738430583501,
P2P-DAG,0.442460317460317,0.302653922121563,0.881287726358148,
P2P-DAG,0.674235743680188,0.382564634732990,0.670020120724346,
P2P-DAG,0.016754850088183,0.956072490305090,0.036217303822938,
P2P-DAG,0.085905349794239,0.737914775285918,0.245472837022132,
P2P-DAG,0.169312169312169,0.708587209315277,0.249496981891348,
P2P-DAG,0.404541446208113,0.308652155303476,0.879275653923541,
P2P-DAG,0.197016460905349,0.562001155808846,0.394366197183098,
P2P-DAG,0.139035861258083,0.606604683671976,0.362173038229376,
P2P-DAG,0.028145208700764,0.951453899487039,0.036217303822938,
P2P-DAG,0.057686654908877,0.887339087937470,0.100603621730382,
P2P-DAG,0.283656672545561,0.429574521088273,0.547283702213279,
P2P-DAG,0.059450323339212,0.823246636916902,0.215291750503018,
P2P-DAG,0.232216343327454,0.489324826834875,0.549295774647887,
P2P-DAG,0.337889476778365,0.438268816766416,0.511066398390342,
P2P-DAG,0.277998236331569,0.423634054344023,0.617706237424547,
P2P-DAG,0.132495590828924,0.637744995337271,0.321931589537223,
P2P-DAG,0.133303938859494,0.607195488319320,0.354124748490945,
P2P-DAG,0.069958847736626,0.789037379512482,0.185110663983903,
P2P-DAG,0.588477366255144,0.246305285861838,0.913480885311871,
P2P-DAG,0.095532039976484,0.724696069616659,0.249496981891348,
P2P-DAG,0.090241034685479,0.747568168219594,0.225352112676056,
P2P-DAG,0.080320399764844,0.848486937213842,0.120724346076458,
P2P-DAG,0.059156378600823,0.885284622136002,0.096579476861167,
P2P-DAG,0.373530276308054,0.348181190645022,0.810865191146881,
P2P-DAG,0.209950029394473,0.542698388988383,0.418511066398390,
P2P-DAG,0.441431510875955,0.384750108869750,0.688128772635814,
P2P-DAG,0.055996472663139,0.797541036559119,0.241448692152917,
P2P-DAG,0.232142857142857,0.517741109023738,0.442655935613682,
P2P-DAG,0.069811875367431,0.811735900378367,0.164989939637826,
P2P-DAG,0.018077601410935,0.970035747012437,0.020120724346076,
P2P-DAG,0.245370370370370,0.465391293662640,0.567404426559356,
P2P-DAG,0.182319223985890,0.662762778772390,0.289738430583501,
P2P-DAG,0.012272192827748,0.951003748846764,0.044265593561368,
P2P-DAG,0.456569664902998,0.286606373324961,0.832997987927565,
P2P-DAG,0.028733098177543,0.958802950433148,0.032193158953722,
P2P-DAG,0.137125220458553,0.718545099747258,0.233400402414486,
P2P-DAG,0.001837154614932,0.987432418032524,0.008048289738431,
P2P-DAG,0.236919459141681,0.641389086934539,0.309859154929577,
P2P-DAG,0.236478542034097,0.511494835936780,0.454728370221327,
P2P-DAG,0.074955908289242,0.761960505950451,0.221327967806841,
P2P-DAG,0.073118753674309,0.785615449258243,0.193158953722334,
P2P-DAG,0.150793650793650,0.577946796101412,0.378269617706237,
P2P-DAG,0.026528512639624,0.953346873831894,0.036217303822938,
P2P-DAG,0.055776014109347,0.894156290378073,0.084507042253521,
P2P-DAG,0.329218106995884,0.409338594261385,0.653923541247484,
P2P-DAG,0.160052910052910,0.616275547019176,0.346076458752515,
P2P-DAG,0.174015285126396,0.592919491973568,0.370221327967806,
P2P-DAG,0.194077013521457,0.550905048733412,0.406438631790744,
P2P-DAG,0.200617283950617,0.514624068398105,0.517102615694164,
MDNC-DAG,0.385875955320399,0.289371162616574,0.688128772635814,
MDNC-DAG,0.070620223398001,0.718401057307834,0.253521126760563,
MDNC-DAG,0.036816578483245,0.949531213987059,0.036217303822938,
MDNC-DAG,0.017783656672545,0.894076228619288,0.080482897384306,
MDNC-DAG,0.101778365667254,0.763373660069930,0.189134808853118,
MDNC-DAG,0.259332745443856,0.478625369576235,0.466800804828973,
MDNC-DAG,0.110817166372722,0.596069053942226,0.370221327967806,
MDNC-DAG,0.358833039388595,0.411804762371420,0.535211267605633,
MDNC-DAG,0.105967078189300,0.684403561404786,0.277665995975855,
MDNC-DAG,1.202821869488530,0.144161515940541,0.959758551307847,
MDNC-DAG,0.275499706055261,0.381289646804133,0.595573440643863,
MDNC-DAG,1.279835390946500,0.139270023762497,0.955734406438631,
MDNC-DAG,0.610964138741916,0.184082598509397,0.851106639839034,
MDNC-DAG,0.157186948853615,0.728444656297176,0.217303822937625,
MDNC-DAG,0.000000000000000,1.000000000000000,0.000000000000000,
MDNC-DAG,0.174162257495590,0.543023005223137,0.410462776659959,
MDNC-DAG,0.250146972369194,0.587628015071176,0.354124748490945,
MDNC-DAG,0.049382716049383,0.800985058224006,0.173038229376257,
MDNC-DAG,0.176072898295120,0.641440041526181,0.309859154929577,
MDNC-DAG,0.044459141681364,0.882472024600849,0.088531187122736,
MDNC-DAG,0.117357436801881,0.754980217720585,0.217303822937625,
MDNC-DAG,0.932613168724280,0.166397588639357,0.949698189134808,
MDNC-DAG,0.061581422692534,0.747235306652271,0.229376257545271,
MDNC-DAG,0.063345091122869,0.876697943028708,0.092555331991952,
MDNC-DAG,0.017636684303351,0.942402690926601,0.048289738430584,
MDNC-DAG,0.411963550852439,0.313329340767183,0.653923541247484,
MDNC-DAG,0.148883009994121,0.657962200506525,0.293762575452716,
MDNC-DAG,0.305776014109347,0.462361881287166,0.490945674044265,
MDNC-DAG,0.062977660199882,0.833846889692828,0.144869215291750,
MDNC-DAG,0.380144032921810,0.363467797587965,0.603621730382293,
MDNC-DAG,0.102292768959435,0.716474393923439,0.257545271629778,
MDNC-DAG,0.124191651969429,0.636218517123529,0.334004024144869,
MDNC-DAG,0.146972369194591,0.740138246121897,0.209255533199195,
MDNC-DAG,0.932613168724280,0.166397588639357,0.949698189134808,
MDNC-DAG,0.027851263962375,0.968346670777954,0.028169014084507,
MDNC-DAG,0.217886537330981,0.583258237007390,0.362173038229376,
MDNC-DAG,0.450029394473839,0.341678333858553,0.621730382293762,
MDNC-DAG,0.078850676072898,0.856674572084597,0.120724346076458,
MDNC-DAG,0.472222222222222,0.258295370887496,0.702213279678068,
MDNC-DAG,1.306290417401520,0.114667811365086,0.965794768611670,
MDNC-DAG,0.294385655496766,0.418479985862355,0.543259557344064,
MDNC-DAG,0.125440917107583,0.760181374170425,0.205231388329979,
MDNC-DAG,0.135141093474426,0.608319021235143,0.358148893360161,
MDNC-DAG,0.932613168724280,0.166397588639357,0.949698189134808,
MDNC-DAG,0.024838330393886,0.910821510011708,0.076458752515091,
MDNC-DAG,0.218915343915343,0.549005867005992,0.406438631790744,
MDNC-DAG,0.076205173427396,0.738230362810528,0.233400402414486,
MDNC-DAG,0.020429159318048,0.955402061606852,0.040241448692153,
MDNC-DAG,0.292107583774250,0.413812366394548,0.563380281690140,
MDNC-DAG,0.147854203409759,0.645181542147960,0.321931589537223,
MDNC-DAG,0.245737801293356,0.477725037457793,0.474849094567404,
MDNC-DAG,0.077087007642563,0.840450016703290,0.136820925553319,
MDNC-DAG,0.045928865373310,0.907123477777398,0.068410462776660,
MDNC-DAG,0.107583774250440,0.709626960702423,0.265593561368209,
MDNC-DAG,0.368974132863021,0.367265600051267,0.587525150905432,
MDNC-DAG,0.072530864197531,0.819966863032103,0.148893360160965,
MDNC-DAG,0.026748971193416,0.945991646884512,0.040241448692153,
MDNC-DAG,0.024176954732510,0.947249397314239,0.044265593561368,
MDNC-DAG,0.223618459729570,0.550699337708144,0.394366197183098,
MDNC-DAG,0.160052910052910,0.720857442130296,0.229376257545271,
MDNC-DAG,0.005144032921811,0.996568663848790,0.004024144869215,
MDNC-DAG,0.255731922398589,0.469179099282565,0.498993963782696,
MDNC-DAG,0.422766019988242,0.330751152549301,0.639839034205231,
MDNC-DAG,0.116916519694297,0.698765638332436,0.269617706237424,
MDNC-DAG,0.292695473251028,0.405702929288176,0.559356136820925,
MDNC-DAG,0.148295120517342,0.591862284233347,0.370221327967806,
MDNC-DAG,0.071428571428571,0.749744830054860,0.221327967806841,
MDNC-DAG,0.177322163433274,0.517345822255398,0.434607645875251,
MDNC-DAG,0.355967078189300,0.376383040186830,0.591549295774647,
MDNC-DAG,0.054085831863610,0.876258948437716,0.108651911468812,
MDNC-DAG,0.077821869488536,0.811471319136229,0.164989939637826,
MDNC-DAG,0.109420928865373,0.791319869592506,0.177062374245472,
MDNC-DAG,0.134406231628453,0.622290660211605,0.334004024144869,
MDNC-DAG,0.239785420340975,0.604945119980285,0.342052313883299,
MDNC-DAG,0.167621987066431,0.575188429038741,0.374245472837022,
MDNC-DAG,1.055114638447970,0.153019653615573,0.953722334004024,
MDNC-DAG,1.590608465608460,0.149765134063196,0.953722334004024,
MDNC-DAG,0.181290417401528,0.638277477649780,0.321931589537223,
MDNC-DAG,0.027042915931805,0.849773408182326,0.140845070422535,
MDNC-DAG,0.049382716049383,0.808877289718254,0.169014084507042,
MDNC-DAG,0.293430335097001,0.393746482086702,0.587525150905432,
MDNC-DAG,0.064226925338037,0.745727549077289,0.245472837022132,
MDNC-DAG,0.200764256319811,0.480138892546624,0.503018108651911,
MDNC-DAG,0.026381540270429,0.853173053100399,0.136820925553319,
MDNC-DAG,0.012051734273956,0.936534483614598,0.060362173038229,
MDNC-DAG,0.000000000000000,1.000000000000000,0.000000000000000,
MDNC-DAG,0.252498530276308,0.575159132632899,0.370221327967806,
MDNC-DAG,0.026381540270429,0.853173053100399,0.136820925553319,
MDNC-DAG,0.228395061728395,0.607845458724663,0.350100603621730,
MDNC-DAG,1.564079952968840,0.180349026282723,0.945674044265593,
MDNC-DAG,0.072677836566725,0.736778569150820,0.237424547283702,
MDNC-DAG,0.088844797178131,0.720228919411568,0.249496981891348,
MDNC-DAG,0.157774838330393,0.620232193227490,0.346076458752515,
MDNC-DAG,0.027851263962375,0.955416649560409,0.036217303822938,
MDNC-DAG,0.217445620223398,0.464447162294666,0.503018108651911,
MDNC-DAG,0.082745443856555,0.846704376314460,0.124748490945674,
MDNC-DAG,0.026381540270429,0.853173053100399,0.136820925553319,
MDNC-DAG,0.282407407407407,0.422687987660530,0.559356136820925,
MDNC-DAG,0.031158142269253,0.890814576207933,0.100603621730382,
MDNC-DAG,0.465975896531452,0.276460742480011,0.692152917505030,
MDNC-DAG,0.458480305702527,0.316085729110341,0.643863179074446,
MDNC-DAG,0.473398001175779,0.257264372163805,0.716297786720322,
MDNC-DAG,0.075837742504409,0.799091104810012,0.181086519114688,
MDNC-DAG,0.102072310405643,0.756894418996214,0.213279678068410,
MDNC-DAG,0.198118753674309,0.491290823747940,0.486921529175050,
MDNC-DAG,0.131466784244561,0.657868585357944,0.329979879275653,
MDNC-DAG,0.043724279835391,0.886884716309656,0.108651911468812,
MDNC-DAG,0.090975896531452,0.793368649742370,0.177062374245472,
MDNC-DAG,0.323559670781893,0.453987575956061,0.503018108651911,
MDNC-DAG,0.296369782480893,0.456522659760555,0.494969818913480,
MDNC-DAG,0.447751322751322,0.294445660979698,0.672032193158953,
MDNC-DAG,0.303938859494415,0.417219969322972,0.547283702213279,
MDNC-DAG,0.088109935332158,0.834271115582172,0.136820925553319,
MDNC-DAG,0.136537330981775,0.733543416066908,0.233400402414486,
MDNC-DAG,1.454071134626690,0.136235031154822,0.961770623742454,
MDNC-DAG,0.348324514991181,0.339418111046677,0.657947686116700,
MDNC-DAG,0.054673721340388,0.864457737830803,0.112676056338028,
MDNC-DAG,0.189594356261023,0.496936252551506,0.486921529175050,
MDNC-DAG,0.084288653733098,0.829632754821901,0.140845070422535,
MDNC-DAG,0.440329218106996,0.338452316330612,0.623742454728370,
MDNC-DAG,0.806804820693709,0.174666111846693,0.965794768611670,
MDNC-DAG,0.806804820693709,0.174666111846693,0.965794768611670,
MDNC-DAG,0.388300999412110,0.436382258741038,0.531187122736418,
MDNC-DAG,1.506319811875360,0.152656462369220,0.953722334004024,
MDNC-DAG,0.049456202233980,0.893872939591264,0.084507042253521,
MDNC-DAG,0.014844209288654,0.947820419453262,0.048289738430584,
MDNC-DAG,0.106701940035273,0.683430343858456,0.285714285714285,
MDNC-DAG,0.095164609053498,0.850831680712877,0.112676056338028,
MDNC-DAG,0.013962375073486,0.926448549292615,0.068410462776660,
MDNC-DAG,0.225602586713697,0.677009011525014,0.273641851106639,
MDNC-DAG,0.122868900646678,0.620617846142982,0.358148893360161,
MDNC-DAG,0.000000000000000,1.000000000000000,0.000000000000000,
MDNC-DAG,0.071061140505585,0.761967673451114,0.221327967806841,
MDNC-DAG,0.357877718988830,0.430069325133374,0.539235412474849,
MDNC-DAG,0.009479717813051,0.980047324246205,0.020120724346076,
MDNC-DAG,0.013962375073486,0.926448549292615,0.068410462776660,
MDNC-DAG,0.219209288653733,0.626655592650707,0.325955734406438,
MDNC-DAG,0.133891828336272,0.620094144275201,0.350100603621730,
MDNC-DAG,0.291225749559082,0.446826318404323,0.515090543259557,
MDNC-DAG,0.285346854791299,0.419868946228401,0.573440643863179,
MDNC-DAG,0.014844209288654,0.947820419453262,0.048289738430584,
MDNC-DAG,0.208186360964138,0.587102425231513,0.362173038229376,
MDNC-DAG,0.318121693121693,0.526484394091060,0.430583501006036,
MDNC-DAG,0.081937095825985,0.836003309711773,0.132796780684104,
MDNC-DAG,0.054747207524985,0.848024627477665,0.144869215291750,
MDNC-DAG,0.272486772486772,0.438713627288921,0.547283702213279,
MDNC-DAG,0.358833039388595,0.453464585193790,0.511066398390342,
MDNC-DAG,0.218180482069370,0.498474666999638,0.454728370221327,
MDNC-DAG,0.146237507348618,0.736503833615445,0.225352112676056,
MDNC-DAG,0.123309817754262,0.622105263682274,0.354124748490945,
MDNC-DAG,0.138888888888888,0.704993620745088,0.261569416498993,
MDNC-DAG,0.054526748971193,0.892230462197933,0.080482897384306,
MDNC-DAG,0.105232216343327,0.845371534528627,0.120724346076458,
MDNC-DAG,0.207745443856555,0.669391875364200,0.285714285714285,
MDNC-DAG,1.520502645502640,0.131462113052502,0.961770623742454,
MDNC-DAG,0.000000000000000,1.000000000000000,0.000000000000000,
MDNC-DAG,0.242430922986478,0.592506811071337,0.358148893360161,
MDNC-DAG,0.251616696061140,0.480187625994876,0.462776659959758,
MDNC-DAG,0.227880658436213,0.644426041416358,0.289738430583501,
MDNC-DAG,0.387786596119929,0.317032176173130,0.682092555331992,
MDNC-DAG,0.043871252204586,0.821041273358068,0.173038229376257,
MDNC-DAG,0.155055849500293,0.738110351444463,0.209255533199195,
MDNC-DAG,1.130584950029390,0.117277533330925,0.965794768611670,
MDNC-DAG,0.172178130511463,0.643776510077403,0.305835010060362,
MDNC-DAG,0.015432098765432,0.913379920168990,0.084507042253521,
MDNC-DAG,0.491181657848324,0.249440441575978,0.712273641851106,
MDNC-DAG,1.130584950029390,0.117277533330925,0.965794768611670,
MDNC-DAG,0.220825984714873,0.575985777062762,0.370221327967806,
MDNC-DAG,0.239638447971781,0.469359893086562,0.498993963782696,
MDNC-DAG,0.074955908289242,0.711133841299353,0.269617706237424,
MDNC-DAG,0.082157554379777,0.855437349570762,0.120724346076458,
MDNC-DAG,0.385582010582010,0.342315850238190,0.635814889336016,
MDNC-DAG,0.125881834215167,0.787957542872082,0.177062374245472,
MDNC-DAG,0.024764844209289,0.957662222742942,0.032193158953722,
MDNC-DAG,0.057539682539683,0.813714848934767,0.152917505030181,
MDNC-DAG,0.195105820105820,0.628501345758787,0.329979879275653,
MDNC-DAG,0.373971193415637,0.395809122035470,0.551307847082494,
MDNC-DAG,0.018298059964727,0.977428359946493,0.020120724346076,
MDNC-DAG,0.018445032333921,0.942133518098808,0.052313883299799,
MDNC-DAG,0.106040564373897,0.634560261596992,0.346076458752515,
MDNC-DAG,0.436801881246325,0.321426954666157,0.635814889336016,
MDNC-DAG,1.000000000000000,0.183675698896994,0.899396378269617,
MDNC-DAG,0.101484420928865,0.693140022603384,0.285714285714285,
MDNC-DAG,0.285126396237507,0.427293249376719,0.547283702213279,
MDNC-DAG,0.136978248089359,0.677749604920300,0.273641851106639,
MDNC-DAG,0.150058788947677,0.673182971197111,0.277665995975855,
MDNC-DAG,0.075249853027631,0.773946289429669,0.213279678068410,
MDNC-DAG,0.073118753674309,0.741246336181694,0.229376257545271,
MDNC-DAG,0.041225749559083,0.942957643398858,0.044265593561368,
MDNC-DAG,0.505805408583186,0.236364532196398,0.732394366197183,
MDNC-DAG,0.026528512639624,0.942031561164337,0.048289738430584,
MDNC-DAG,0.142416225749559,0.603567719341050,0.366197183098591,
MDNC-DAG,0.384406231628453,0.360842377844048,0.595573440643863,
MDNC-DAG,1.027263374485590,0.148355057280147,0.961770623742454,
MDNC-DAG,0.282039976484420,0.430217910863867,0.573440643863179,
MDNC-DAG,0.072751322751323,0.831103600661682,0.144869215291750,
MDNC-DAG,0.012786596119930,0.955783172250148,0.040241448692153,
MDNC-DAG,0.163212815990593,0.565707580568927,0.414486921529175,
MDNC-DAG,0.080173427395650,0.735468347910406,0.241448692152917,
MDNC-DAG,0.173941798941798,0.702570919664025,0.249496981891348,
MDNC-DAG,0.011978248089359,0.951269771522661,0.044265593561368,
MDNC-DAG,0.217813051146384,0.599020096567535,0.354124748490945,
MDNC-DAG,0.982289829512052,0.117977332405193,0.965794768611670,
MDNC-DAG,0.398515579071134,0.331383002975547,0.631790744466800,
MDNC-DAG,0.125734861845973,0.716763947338071,0.237424547283702,
MDNC-DAG,0.307980599647266,0.430267555524308,0.539235412474849,
MDNC-DAG,0.315329218106995,0.389581221540217,0.591549295774647,
MDNC-DAG,0.012786596119930,0.955783172250148,0.040241448692153,
MDNC-DAG,1.166299235743680,0.168794694676829,0.947686116700201,
MDNC-DAG,0.974353321575543,0.150306999993317,0.965794768611670,
MDNC-DAG,0.404467960023515,0.317488553894183,0.676056338028169,
MDNC-DAG,0.547545561434450,0.198910259627640,0.774647887323943,
MDNC-DAG,0.263447971781305,0.600029334742641,0.342052313883299,
MDNC-DAG,0.101778365667254,0.771200369124742,0.185110663983903,
MDNC-DAG,0.343621399176954,0.497037192718534,0.438631790744466,
MDNC-DAG,0.105893592004703,0.689402950411711,0.281690140845070,
MDNC-DAG,0.122354497354497,0.586078582053707,0.382293762575452,
MDNC-DAG,0.220385067607289,0.670058550330109,0.281690140845070,
MDNC-DAG,0.170781893004115,0.640127093577538,0.313883299798792,
MDNC-DAG,0.015432098765432,0.914077284136514,0.072434607645875,
MDNC-DAG,0.175999412110523,0.537984844765877,0.418511066398390,
MDNC-DAG,0.000000000000000,1.000000000000000,0.000000000000000,
MDNC-DAG,0.276748971193415,0.398290496147494,0.591549295774647,
MDNC-DAG,0.068856554967666,0.733285569643983,0.245472837022132,
MDNC-DAG,0.369341563786008,0.403335726701147,0.551307847082494,
MDNC-DAG,0.256981187536743,0.491701375409136,0.454728370221327,
MDNC-DAG,0.083700764256320,0.868605646356820,0.104627766599597,
MDNC-DAG,0.210684891240446,0.474080628719287,0.503018108651911,
MDNC-DAG,0.481261022927689,0.358106883192230,0.605633802816901,
MDNC-DAG,0.034244562022340,0.956602695775812,0.032193158953722,
MDNC-DAG,0.292989417989418,0.397797127558762,0.563380281690140,
MDNC-DAG,0.207231040564373,0.490867668694240,0.482897384305835,
MDNC-DAG,0.031819517930629,0.943993565724989,0.044265593561368,
MDNC-DAG,0.130144032921810,0.705923982042916,0.265593561368209,
MDNC-DAG,0.222736625514403,0.565799333421229,0.390342052313883,
MDNC-DAG,0.074661963550852,0.852667986489812,0.124748490945674,
MDNC-DAG,0.019179894179894,0.950157592249580,0.044265593561368,
MDNC-DAG,0.059523809523809,0.855844450104944,0.128772635814889,
MDNC-DAG,0.251322751322751,0.475592073052673,0.478873239436619,
MDNC-DAG,0.021457965902410,0.972320961423321,0.024144869215292,
MDNC-DAG,0.095532039976484,0.759247043818416,0.217303822937625,
MDNC-DAG,0.137345679012345,0.739983025557606,0.229376257545271,
MDNC-DAG,0.327895355673133,0.493450679407028,0.446680080482897,
MDNC-DAG,0.206716637272192,0.532882377113106,0.418511066398390,
MDNC-DAG,0.322457378012933,0.509488102099217,0.430583501006036,
MDNC-DAG,0.114638447971781,0.628286325765344,0.338028169014084,
MDNC-DAG,0.331937095825984,0.455494109321033,0.494969818913480,
MDNC-DAG,0.073927101704880,0.740309083701592,0.233400402414486,
MDNC-DAG,0.252498530276308,0.579219801574887,0.366197183098591,
MDNC-DAG,0.068930041152263,0.841335525848109,0.140845070422535,
MDNC-DAG,0.057392710170488,0.872551775756844,0.104627766599597,
MDNC-DAG,0.455246913580246,0.311300015795671,0.659959758551307,
MDNC-DAG,0.384479717813051,0.346495979064188,0.625754527162977,
MDNC-DAG,0.078262786596120,0.845850105887264,0.128772635814889,
MDNC-DAG,0.206422692533803,0.480708498791642,0.494969818913480,
MDNC-DAG,0.016828336272781,0.957878064831138,0.036217303822938,
MDNC-DAG,0.024911816578483,0.935240435966008,0.056338028169014,
MDNC-DAG,0.083774250440917,0.796877867467673,0.169014084507042,
MDNC-DAG,0.100676072898295,0.679558387402313,0.289738430583501,
MDNC-DAG,0.380291005291005,0.349504669326555,0.623742454728370,
MDNC-DAG,0.058201058201058,0.846797657000961,0.132796780684104,
MDNC-DAG,0.312830687830687,0.503656350610659,0.434607645875251,
MDNC-DAG,0.226043503821281,0.454087818330855,0.519114688128772,
MDNC-DAG,0.021972369194591,0.928398024227176,0.064386317907445,
MDNC-DAG,0.022560258671370,0.963924695165251,0.032193158953722,
MDNC-DAG,0.210684891240446,0.605364661566521,0.358148893360161,
MDNC-DAG,0.130805408583186,0.711799322961070,0.245472837022132,
MDNC-DAG,0.188786008230452,0.527287272354574,0.430583501006036,
MDNC-DAG,0.137272192827748,0.569044576881070,0.390342052313883,
MDNC-DAG,0.031525573192240,0.940764059915128,0.052313883299799,
MDNC-DAG,0.176072898295120,0.690907647903180,0.269617706237424,
MDNC-DAG,0.436360964138741,0.345879824921674,0.623742454728370,
MDNC-DAG,0.123530276308054,0.737724207567981,0.233400402414486,
MDNC-DAG,0.161302175191064,0.694246608466840,0.261569416498993,
MDNC-DAG,0.067827748383304,0.858901803037844,0.116700201207243,
MDNC-DAG,0.532774838330394,0.000000000000000,0.969818913480885,
MDNC-DAG,0.928791887125220,0.173792095930232,0.965794768611670,
